gupId,actionDateTime,dealerDemo,deviceId,action,payloadName
85300C2B-A8B7-4EA6-82C0-28A5E82289B0,2017-07-06T15:39:28.373Z,,,multiple update,com.siriusxm.mountain.model.experience.GupMultipleUpdateRequestType
7BABDDF4-AA2D-4387-9092-2103732E8B23,2017-07-06T15:42:43.947Z,,,multiple update,com.siriusxm.mountain.model.experience.GupMultipleUpdateRequestType
7BABDDF4-AA2D-4387-9092-2103732E8B23,2017-07-06T15:46:06.169Z,,,multiple update,com.siriusxm.mountain.model.experience.GupMultipleUpdateRequestType
D744F72D-6851-49F2-86CB-16FDEA140B6C,2017-07-06T15:47:20.429Z,,,multiple update,com.siriusxm.mountain.model.experience.GupMultipleUpdateRequestType
4EFBF317-024A-4F8C-BCB1-3D2361B853B5,2017-07-06T15:50:25.655Z,,,multiple update,com.siriusxm.mountain.model.experience.GupMultipleUpdateRequestType
85300C2B-A8B7-4EA6-82C0-28A5E82289B0,2017-07-06T15:54:03.596Z,,,multiple update,com.siriusxm.mountain.model.experience.GupMultipleUpdateRequestType
D744F72D-6851-49F2-86CB-16FDEA140B6C,2017-07-06T15:56:18.987Z,,,multiple update,com.siriusxm.mountain.model.experience.GupMultipleUpdateRequestType
5502105C-9669-4D2D-953F-37A9A5617AF4,2017-07-06T15:58:01.358Z,,,multiple update,com.siriusxm.mountain.model.experience.GupMultipleUpdateRequestType
5463DFEC-2AB8-4B3A-B52B-9281302A67BC,2017-07-06T15:58:51.201Z,,,multiple update,com.siriusxm.mountain.model.experience.GupMultipleUpdateRequestType
D744F72D-6851-49F2-86CB-16FDEA140B6C,2017-07-06T16:00:54.025Z,,,multiple update,com.siriusxm.mountain.model.experience.GupMultipleUpdateRequestType
